gun,tarih,olum,seleksiyon,yem_kg,su_lt,tartilan_agirlik_g
1,2026-08-08,25,0,237,512,
2,2026-08-09,38,0,292,585,
3,2026-08-10,25,0,311,637,
4,2026-08-11,40,0,326,747,
5,2026-08-12,25,0,431,831,
6,2026-08-13,25,0,523,963,
7,2026-08-14,26,0,640,1136,184
8,2026-08-15,15,0,702,1481,
9,2026-08-16,11,0,791,1631,
10,2026-08-17,12,0,823,1731,
11,2026-08-18,9,0,925,1869,
12,2026-08-19,10,0,1011,1976,
13,2026-08-20,11,0,1122,2100,
14,2026-08-21,9,0,1242,2389,491
15,2026-08-22,10,0,1332,2628,
16,2026-08-23,12,0,1422,2971,
17,2026-08-24,11,0,1511,3227,
18,2026-08-25,10,0,1597,3361,
19,2026-08-26,12,0,1627,3527,
20,2026-08-27,14,0,1816,3626,
21,2026-08-28,13,0,1980,3826,931
22,2026-08-29,9,0,2088,4104,
23,2026-08-30,8,0,2167,4286,
24,2026-08-31,8,0,2320,4500,
25,2026-09-01,8,0,2521,4716,
26,2026-09-02,10,0,2581,4896,
27,2026-09-03,12,0,2671,5148,
28,2026-09-04,13,0,2736,5328,1511
29,2026-09-05,13,0,2827,5412,
30,2026-09-06,16,0,2911,5560,
31,2026-09-07,17,0,3120,5721,
32,2026-09-08,13,0,3223,5891,
33,2026-09-09,14,0,3291,5993,
34,2026-09-10,16,0,3311,6421,
35,2026-09-11,13,0,3311,6581,2141
36,2026-09-12,14,0,3417,6692,
37,2026-09-13,13,0,3491,6782,
38,2026-09-14,12,0,3521,6971,
39,2026-09-15,14,0,3611,7120,
40,2026-09-16,17,0,3693,7213,
41,2026-09-17,16,0,3729,7317,
42,2026-09-18,17,0,3827,7476,2641
